{
    "nb_doc": 13550,
    "nb_tokens_title_total": 168837,
    "nb_tokens_content_total": 7812613,
    "nb_tokens_h1_total": 113851,
    "nb_tokens_total": 8095301,
    "mean_nb_tokens_title": 12.460295202952029,
    "mean_nb_tokens_content": 576.5766051660516,
    "mean_nb_tokens_h1": 8.402287822878229,
    "mean_nb_tokens_doc": 597.439188191882
}